RT @sahabatsuriah: Lebih dari 500 ribu warga #Syria terjebak di pinggiran #Damascus, ditembaki, dibom tiap hari.. http://t.co/cF4n3AcFSk
#News: China Welcomes US-Russia Deal on Syria: China welcomes US-Russia deal on destroying Syria's chemica... http://t.co/BFeSQHclGQ #TU
@JohnKerry who will punish Assad for the killing of women of children who were gased last month & whom @BarackObama nearly cried for #Syria
RT @GeneMcVay: Pls RT: Female Veteran Violently Arrested By Feds At Syria Protest Is this AMERICA??? http://t.co/V6TXJJaqrV
Military Analyst: 'All Putin Has to Do Is Look Nasty' to Influence Syria

http://t.co/YPbAWf7Qcd
#politics Kerry off to Israel after Syria arms deal: GENEVA (AP) — U.S, Secretary of State John Kerry is headi... http://t.co/2gDaCwUphd
Ramadi protesters condemn Ashraf massacre http://t.co/dim6YEglxy #news #iranelection #Euronews #ABC #IranNews #FOX #Syria #AP #BBC #world
China Welcomes US-Russia Deal on Syria: China welcomes US-Russia deal on destroying Syria's chemical weapons a... http://t.co/YziMAEXBPu
SYRIA CRISIS Differences remain despite US, Russia agreement: - Top Republicans slam US… http://t.co/PsSZ7TCHRx
I disapprove of the Social engineering that Tweedle Blair and Tweedle Bush attempted in Iraq. And that you propose in Syria. @Batty321456
RT @sahabatsuriah: Jumat 13 Sept, di #Idlib #Syria, rudal #Assad bunuh seorang ibu, 2 anak n bayi dlm kandungannya. @RevolutionSyria http:/…
http://t.co/Et56Llixb9 China welcomes Russia-U.S. accord on Syria chemical weapons
RT @PaulStewartII: Obama's confused on Syria? Syriously? http://t.co/ggxdwxfsbZ via @allvoices #Syria #Egypt #Israel #Putin #Russia #Assad …
Finally some good news! That's what i am talking about so at least i do not need to worry that some missile will... http://t.co/c4DXIYG1Jm
http://t.co/q0eRTacX5u Obama welcomes US-Russia Syria plan
RT @sahabatsuriah: Lebih dari 500 ribu warga #Syria terjebak di pinggiran #Damascus, ditembaki, dibom tiap hari.. http://t.co/cF4n3AcFSk
#News: China Welcomes US-Russia Deal on Syria: China welcomes US-Russia deal on destroying Syria's chemica... http://t.co/BFeSQHclGQ #TU
@JohnKerry who will punish Assad for the killing of women of children who were gased last month & whom @BarackObama nearly cried for #Syria
RT @GeneMcVay: Pls RT: Female Veteran Violently Arrested By Feds At Syria Protest Is this AMERICA??? http://t.co/V6TXJJaqrV
Military Analyst: 'All Putin Has to Do Is Look Nasty' to Influence Syria

http://t.co/YPbAWf7Qcd
#politics Kerry off to Israel after Syria arms deal: GENEVA (AP) — U.S, Secretary of State John Kerry is headi... http://t.co/2gDaCwUphd
Ramadi protesters condemn Ashraf massacre http://t.co/dim6YEglxy #news #iranelection #Euronews #ABC #IranNews #FOX #Syria #AP #BBC #world
China Welcomes US-Russia Deal on Syria: China welcomes US-Russia deal on destroying Syria's chemical weapons a... http://t.co/YziMAEXBPu
SYRIA CRISIS Differences remain despite US, Russia agreement: - Top Republicans slam US… http://t.co/PsSZ7TCHRx
I disapprove of the Social engineering that Tweedle Blair and Tweedle Bush attempted in Iraq. And that you propose in Syria. @Batty321456
RT @sahabatsuriah: Jumat 13 Sept, di #Idlib #Syria, rudal #Assad bunuh seorang ibu, 2 anak n bayi dlm kandungannya. @RevolutionSyria http:/…
http://t.co/Et56Llixb9 China welcomes Russia-U.S. accord on Syria chemical weapons
RT @PaulStewartII: Obama's confused on Syria? Syriously? http://t.co/ggxdwxfsbZ via @allvoices #Syria #Egypt #Israel #Putin #Russia #Assad …
Finally some good news! That's what i am talking about so at least i do not need to worry that some missile will... http://t.co/c4DXIYG1Jm
http://t.co/q0eRTacX5u Obama welcomes US-Russia Syria plan
RT @sahabatsuriah: Lebih dari 500 ribu warga #Syria terjebak di pinggiran #Damascus, ditembaki, dibom tiap hari.. http://t.co/cF4n3AcFSk
#News: China Welcomes US-Russia Deal on Syria: China welcomes US-Russia deal on destroying Syria's chemica... http://t.co/BFeSQHclGQ #TU
@JohnKerry who will punish Assad for the killing of women of children who were gased last month & whom @BarackObama nearly cried for #Syria
RT @GeneMcVay: Pls RT: Female Veteran Violently Arrested By Feds At Syria Protest Is this AMERICA??? http://t.co/V6TXJJaqrV
Military Analyst: 'All Putin Has to Do Is Look Nasty' to Influence Syria

http://t.co/YPbAWf7Qcd
#politics Kerry off to Israel after Syria arms deal: GENEVA (AP) — U.S, Secretary of State John Kerry is headi... http://t.co/2gDaCwUphd
Ramadi protesters condemn Ashraf massacre http://t.co/dim6YEglxy #news #iranelection #Euronews #ABC #IranNews #FOX #Syria #AP #BBC #world
China Welcomes US-Russia Deal on Syria: China welcomes US-Russia deal on destroying Syria's chemical weapons a... http://t.co/YziMAEXBPu
SYRIA CRISIS Differences remain despite US, Russia agreement: - Top Republicans slam US… http://t.co/PsSZ7TCHRx
I disapprove of the Social engineering that Tweedle Blair and Tweedle Bush attempted in Iraq. And that you propose in Syria. @Batty321456
RT @sahabatsuriah: Jumat 13 Sept, di #Idlib #Syria, rudal #Assad bunuh seorang ibu, 2 anak n bayi dlm kandungannya. @RevolutionSyria http:/…
http://t.co/Et56Llixb9 China welcomes Russia-U.S. accord on Syria chemical weapons
RT @PaulStewartII: Obama's confused on Syria? Syriously? http://t.co/ggxdwxfsbZ via @allvoices #Syria #Egypt #Israel #Putin #Russia #Assad …
Finally some good news! That's what i am talking about so at least i do not need to worry that some missile will... http://t.co/c4DXIYG1Jm
http://t.co/q0eRTacX5u Obama welcomes US-Russia Syria plan
RT @sahabatsuriah: Lebih dari 500 ribu warga #Syria terjebak di pinggiran #Damascus, ditembaki, dibom tiap hari.. http://t.co/cF4n3AcFSk
#News: China Welcomes US-Russia Deal on Syria: China welcomes US-Russia deal on destroying Syria's chemica... http://t.co/BFeSQHclGQ #TU
@JohnKerry who will punish Assad for the killing of women of children who were gased last month & whom @BarackObama nearly cried for #Syria
RT @GeneMcVay: Pls RT: Female Veteran Violently Arrested By Feds At Syria Protest Is this AMERICA??? http://t.co/V6TXJJaqrV
Military Analyst: 'All Putin Has to Do Is Look Nasty' to Influence Syria

http://t.co/YPbAWf7Qcd
#politics Kerry off to Israel after Syria arms deal: GENEVA (AP) — U.S, Secretary of State John Kerry is headi... http://t.co/2gDaCwUphd
Ramadi protesters condemn Ashraf massacre http://t.co/dim6YEglxy #news #iranelection #Euronews #ABC #IranNews #FOX #Syria #AP #BBC #world
China Welcomes US-Russia Deal on Syria: China welcomes US-Russia deal on destroying Syria's chemical weapons a... http://t.co/YziMAEXBPu
SYRIA CRISIS Differences remain despite US, Russia agreement: - Top Republicans slam US… http://t.co/PsSZ7TCHRx
I disapprove of the Social engineering that Tweedle Blair and Tweedle Bush attempted in Iraq. And that you propose in Syria. @Batty321456
RT @sahabatsuriah: Jumat 13 Sept, di #Idlib #Syria, rudal #Assad bunuh seorang ibu, 2 anak n bayi dlm kandungannya. @RevolutionSyria http:/…
http://t.co/Et56Llixb9 China welcomes Russia-U.S. accord on Syria chemical weapons
RT @PaulStewartII: Obama's confused on Syria? Syriously? http://t.co/ggxdwxfsbZ via @allvoices #Syria #Egypt #Israel #Putin #Russia #Assad …
Finally some good news! That's what i am talking about so at least i do not need to worry that some missile will... http://t.co/c4DXIYG1Jm
http://t.co/q0eRTacX5u Obama welcomes US-Russia Syria plan
RT @saken4: #us #usa #ksa #sudia #oman #qatar #syria #ejabt #jordan #malysia #uae #good #h #z #a  #news #tv #house… http://t.co/DW4QyHV24Q
RT @RealDJkebo: #NoWarWithSyria #HandsOffSyria  #Syria #Rebels #SincerelyWeThePplUSA #Revolution  #WorldRevolution http://t.co/47vpfN1Gow
China's Foreign Minister Wang Yi welcomes deal between US, Russia, says the deal would 'enable tensions in  http://t.co/u4vGzob7pI
RT @sahabatsuriah: Lebih dari 500 ribu warga #Syria terjebak di pinggiran #Damascus, ditembaki, dibom tiap hari.. http://t.co/cF4n3AcFSk
#News: China Welcomes US-Russia Deal on Syria: China welcomes US-Russia deal on destroying Syria's chemica... http://t.co/BFeSQHclGQ #TU
@JohnKerry who will punish Assad for the killing of women of children who were gased last month & whom @BarackObama nearly cried for #Syria
RT @GeneMcVay: Pls RT: Female Veteran Violently Arrested By Feds At Syria Protest Is this AMERICA??? http://t.co/V6TXJJaqrV
Military Analyst: 'All Putin Has to Do Is Look Nasty' to Influence Syria

http://t.co/YPbAWf7Qcd
#politics Kerry off to Israel after Syria arms deal: GENEVA (AP) — U.S, Secretary of State John Kerry is headi... http://t.co/2gDaCwUphd
Ramadi protesters condemn Ashraf massacre http://t.co/dim6YEglxy #news #iranelection #Euronews #ABC #IranNews #FOX #Syria #AP #BBC #world
China Welcomes US-Russia Deal on Syria: China welcomes US-Russia deal on destroying Syria's chemical weapons a... http://t.co/YziMAEXBPu
SYRIA CRISIS Differences remain despite US, Russia agreement: - Top Republicans slam US… http://t.co/PsSZ7TCHRx
I disapprove of the Social engineering that Tweedle Blair and Tweedle Bush attempted in Iraq. And that you propose in Syria. @Batty321456
RT @sahabatsuriah: Jumat 13 Sept, di #Idlib #Syria, rudal #Assad bunuh seorang ibu, 2 anak n bayi dlm kandungannya. @RevolutionSyria http:/…
http://t.co/Et56Llixb9 China welcomes Russia-U.S. accord on Syria chemical weapons
RT @saken4: #us #usa #ksa #sudia #oman #qatar #syria #ejabt #jordan #malysia #uae #good #h #z #a  #news #tv #house… http://t.co/DW4QyHV24Q
RT @RealDJkebo: #NoWarWithSyria #HandsOffSyria  #Syria #Rebels #SincerelyWeThePplUSA #Revolution  #WorldRevolution http://t.co/47vpfN1Gow
China's Foreign Minister Wang Yi welcomes deal between US, Russia, says the deal would 'enable tensions in  http://t.co/u4vGzob7pI
RT @sahabatsuriah: Lebih dari 500 ribu warga #Syria terjebak di pinggiran #Damascus, ditembaki, dibom tiap hari.. http://t.co/cF4n3AcFSk
#News: China Welcomes US-Russia Deal on Syria: China welcomes US-Russia deal on destroying Syria's chemica... http://t.co/BFeSQHclGQ #TU
@JohnKerry who will punish Assad for the killing of women of children who were gased last month & whom @BarackObama nearly cried for #Syria
RT @GeneMcVay: Pls RT: Female Veteran Violently Arrested By Feds At Syria Protest Is this AMERICA??? http://t.co/V6TXJJaqrV
Military Analyst: 'All Putin Has to Do Is Look Nasty' to Influence Syria

http://t.co/YPbAWf7Qcd
#politics Kerry off to Israel after Syria arms deal: GENEVA (AP) — U.S, Secretary of State John Kerry is headi... http://t.co/2gDaCwUphd
Ramadi protesters condemn Ashraf massacre http://t.co/dim6YEglxy #news #iranelection #Euronews #ABC #IranNews #FOX #Syria #AP #BBC #world
China Welcomes US-Russia Deal on Syria: China welcomes US-Russia deal on destroying Syria's chemical weapons a... http://t.co/YziMAEXBPu
SYRIA CRISIS Differences remain despite US, Russia agreement: - Top Republicans slam US… http://t.co/PsSZ7TCHRx
I disapprove of the Social engineering that Tweedle Blair and Tweedle Bush attempted in Iraq. And that you propose in Syria. @Batty321456
RT @sahabatsuriah: Jumat 13 Sept, di #Idlib #Syria, rudal #Assad bunuh seorang ibu, 2 anak n bayi dlm kandungannya. @RevolutionSyria http:/…
http://t.co/Et56Llixb9 China welcomes Russia-U.S. accord on Syria chemical weapons
RT @saken4: #us #usa #ksa #sudia #oman #qatar #syria #ejabt #jordan #malysia #uae #good #h #z #a  #news #tv #house… http://t.co/DW4QyHV24Q
RT @RealDJkebo: #NoWarWithSyria #HandsOffSyria  #Syria #Rebels #SincerelyWeThePplUSA #Revolution  #WorldRevolution http://t.co/47vpfN1Gow
China's Foreign Minister Wang Yi welcomes deal between US, Russia, says the deal would 'enable tensions in  http://t.co/u4vGzob7pI
RT @sahabatsuriah: Lebih dari 500 ribu warga #Syria terjebak di pinggiran #Damascus, ditembaki, dibom tiap hari.. http://t.co/cF4n3AcFSk
#News: China Welcomes US-Russia Deal on Syria: China welcomes US-Russia deal on destroying Syria's chemica... http://t.co/BFeSQHclGQ #TU
@JohnKerry who will punish Assad for the killing of women of children who were gased last month & whom @BarackObama nearly cried for #Syria
RT @GeneMcVay: Pls RT: Female Veteran Violently Arrested By Feds At Syria Protest Is this AMERICA??? http://t.co/V6TXJJaqrV
Military Analyst: 'All Putin Has to Do Is Look Nasty' to Influence Syria

http://t.co/YPbAWf7Qcd
#politics Kerry off to Israel after Syria arms deal: GENEVA (AP) — U.S, Secretary of State John Kerry is headi... http://t.co/2gDaCwUphd
Ramadi protesters condemn Ashraf massacre http://t.co/dim6YEglxy #news #iranelection #Euronews #ABC #IranNews #FOX #Syria #AP #BBC #world
China Welcomes US-Russia Deal on Syria: China welcomes US-Russia deal on destroying Syria's chemical weapons a... http://t.co/YziMAEXBPu
SYRIA CRISIS Differences remain despite US, Russia agreement: - Top Republicans slam US… http://t.co/PsSZ7TCHRx
I disapprove of the Social engineering that Tweedle Blair and Tweedle Bush attempted in Iraq. And that you propose in Syria. @Batty321456
RT @sahabatsuriah: Jumat 13 Sept, di #Idlib #Syria, rudal #Assad bunuh seorang ibu, 2 anak n bayi dlm kandungannya. @RevolutionSyria http:/…
http://t.co/Et56Llixb9 China welcomes Russia-U.S. accord on Syria chemical weapons
RT @saken4: #us #usa #ksa #sudia #oman #qatar #syria #ejabt #jordan #malysia #uae #good #h #z #a  #news #tv #house… http://t.co/DW4QyHV24Q
RT @RealDJkebo: #NoWarWithSyria #HandsOffSyria  #Syria #Rebels #SincerelyWeThePplUSA #Revolution  #WorldRevolution http://t.co/47vpfN1Gow
China's Foreign Minister Wang Yi welcomes deal between US, Russia, says the deal would 'enable tensions in  http://t.co/u4vGzob7pI
RT @sahabatsuriah: Lebih dari 500 ribu warga #Syria terjebak di pinggiran #Damascus, ditembaki, dibom tiap hari.. http://t.co/cF4n3AcFSk
#News: China Welcomes US-Russia Deal on Syria: China welcomes US-Russia deal on destroying Syria's chemica... http://t.co/BFeSQHclGQ #TU
@JohnKerry who will punish Assad for the killing of women of children who were gased last month & whom @BarackObama nearly cried for #Syria
RT @GeneMcVay: Pls RT: Female Veteran Violently Arrested By Feds At Syria Protest Is this AMERICA??? http://t.co/V6TXJJaqrV
Military Analyst: 'All Putin Has to Do Is Look Nasty' to Influence Syria

http://t.co/YPbAWf7Qcd
#politics Kerry off to Israel after Syria arms deal: GENEVA (AP) — U.S, Secretary of State John Kerry is headi... http://t.co/2gDaCwUphd
Ramadi protesters condemn Ashraf massacre http://t.co/dim6YEglxy #news #iranelection #Euronews #ABC #IranNews #FOX #Syria #AP #BBC #world
China Welcomes US-Russia Deal on Syria: China welcomes US-Russia deal on destroying Syria's chemical weapons a... http://t.co/YziMAEXBPu
SYRIA CRISIS Differences remain despite US, Russia agreement: - Top Republicans slam US… http://t.co/PsSZ7TCHRx
I disapprove of the Social engineering that Tweedle Blair and Tweedle Bush attempted in Iraq. And that you propose in Syria. @Batty321456
RT @sahabatsuriah: Jumat 13 Sept, di #Idlib #Syria, rudal #Assad bunuh seorang ibu, 2 anak n bayi dlm kandungannya. @RevolutionSyria http:/…
http://t.co/Et56Llixb9 China welcomes Russia-U.S. accord on Syria chemical weapons
RT @saken4: #us #usa #ksa #sudia #oman #qatar #syria #ejabt #jordan #malysia #uae #good #h #z #a  #news #tv #house… http://t.co/DW4QyHV24Q
RT @RealDJkebo: #NoWarWithSyria #HandsOffSyria  #Syria #Rebels #SincerelyWeThePplUSA #Revolution  #WorldRevolution http://t.co/47vpfN1Gow
China's Foreign Minister Wang Yi welcomes deal between US, Russia, says the deal would 'enable tensions in  http://t.co/u4vGzob7pI
RT @sahabatsuriah: Lebih dari 500 ribu warga #Syria terjebak di pinggiran #Damascus, ditembaki, dibom tiap hari.. http://t.co/cF4n3AcFSk
#News: China Welcomes US-Russia Deal on Syria: China welcomes US-Russia deal on destroying Syria's chemica... http://t.co/BFeSQHclGQ #TU
@JohnKerry who will punish Assad for the killing of women of children who were gased last month & whom @BarackObama nearly cried for #Syria
RT @GeneMcVay: Pls RT: Female Veteran Violently Arrested By Feds At Syria Protest Is this AMERICA??? http://t.co/V6TXJJaqrV
Military Analyst: 'All Putin Has to Do Is Look Nasty' to Influence Syria

http://t.co/YPbAWf7Qcd
#politics Kerry off to Israel after Syria arms deal: GENEVA (AP) — U.S, Secretary of State John Kerry is headi... http://t.co/2gDaCwUphd
Ramadi protesters condemn Ashraf massacre http://t.co/dim6YEglxy #news #iranelection #Euronews #ABC #IranNews #FOX #Syria #AP #BBC #world
China Welcomes US-Russia Deal on Syria: China welcomes US-Russia deal on destroying Syria's chemical weapons a... http://t.co/YziMAEXBPu
SYRIA CRISIS Differences remain despite US, Russia agreement: - Top Republicans slam US… http://t.co/PsSZ7TCHRx
I disapprove of the Social engineering that Tweedle Blair and Tweedle Bush attempted in Iraq. And that you propose in Syria. @Batty321456
RT @sahabatsuriah: Jumat 13 Sept, di #Idlib #Syria, rudal #Assad bunuh seorang ibu, 2 anak n bayi dlm kandungannya. @RevolutionSyria http:/…
http://t.co/Et56Llixb9 China welcomes Russia-U.S. accord on Syria chemical weapons
RT @saken4: #us #usa #ksa #sudia #oman #qatar #syria #ejabt #jordan #malysia #uae #good #h #z #a  #news #tv #house… http://t.co/DW4QyHV24Q
RT @RealDJkebo: #NoWarWithSyria #HandsOffSyria  #Syria #Rebels #SincerelyWeThePplUSA #Revolution  #WorldRevolution http://t.co/47vpfN1Gow
China's Foreign Minister Wang Yi welcomes deal between US, Russia, says the deal would 'enable tensions in  http://t.co/u4vGzob7pI
RT @sahabatsuriah: Lebih dari 500 ribu warga #Syria terjebak di pinggiran #Damascus, ditembaki, dibom tiap hari.. http://t.co/cF4n3AcFSk
#News: China Welcomes US-Russia Deal on Syria: China welcomes US-Russia deal on destroying Syria's chemica... http://t.co/BFeSQHclGQ #TU
@JohnKerry who will punish Assad for the killing of women of children who were gased last month & whom @BarackObama nearly cried for #Syria
RT @GeneMcVay: Pls RT: Female Veteran Violently Arrested By Feds At Syria Protest Is this AMERICA??? http://t.co/V6TXJJaqrV
Military Analyst: 'All Putin Has to Do Is Look Nasty' to Influence Syria

http://t.co/YPbAWf7Qcd
#politics Kerry off to Israel after Syria arms deal: GENEVA (AP) — U.S, Secretary of State John Kerry is headi... http://t.co/2gDaCwUphd
Ramadi protesters condemn Ashraf massacre http://t.co/dim6YEglxy #news #iranelection #Euronews #ABC #IranNews #FOX #Syria #AP #BBC #world
China Welcomes US-Russia Deal on Syria: China welcomes US-Russia deal on destroying Syria's chemical weapons a... http://t.co/YziMAEXBPu
SYRIA CRISIS Differences remain despite US, Russia agreement: - Top Republicans slam US… http://t.co/PsSZ7TCHRx
I disapprove of the Social engineering that Tweedle Blair and Tweedle Bush attempted in Iraq. And that you propose in Syria. @Batty321456
RT @sahabatsuriah: Jumat 13 Sept, di #Idlib #Syria, rudal #Assad bunuh seorang ibu, 2 anak n bayi dlm kandungannya. @RevolutionSyria http:/…
http://t.co/Et56Llixb9 China welcomes Russia-U.S. accord on Syria chemical weapons
RT @saken4: #us #usa #ksa #sudia #oman #qatar #syria #ejabt #jordan #malysia #uae #good #h #z #a  #news #tv #house… http://t.co/DW4QyHV24Q
RT @RealDJkebo: #NoWarWithSyria #HandsOffSyria  #Syria #Rebels #SincerelyWeThePplUSA #Revolution  #WorldRevolution http://t.co/47vpfN1Gow
China's Foreign Minister Wang Yi welcomes deal between US, Russia, says the deal would 'enable tensions in  http://t.co/u4vGzob7pI
RT @sahabatsuriah: Lebih dari 500 ribu warga #Syria terjebak di pinggiran #Damascus, ditembaki, dibom tiap hari.. http://t.co/cF4n3AcFSk
#News: China Welcomes US-Russia Deal on Syria: China welcomes US-Russia deal on destroying Syria's chemica... http://t.co/BFeSQHclGQ #TU
@JohnKerry who will punish Assad for the killing of women of children who were gased last month & whom @BarackObama nearly cried for #Syria
RT @GeneMcVay: Pls RT: Female Veteran Violently Arrested By Feds At Syria Protest Is this AMERICA??? http://t.co/V6TXJJaqrV
Military Analyst: 'All Putin Has to Do Is Look Nasty' to Influence Syria

http://t.co/YPbAWf7Qcd
#politics Kerry off to Israel after Syria arms deal: GENEVA (AP) — U.S, Secretary of State John Kerry is headi... http://t.co/2gDaCwUphd
Ramadi protesters condemn Ashraf massacre http://t.co/dim6YEglxy #news #iranelection #Euronews #ABC #IranNews #FOX #Syria #AP #BBC #world
China Welcomes US-Russia Deal on Syria: China welcomes US-Russia deal on destroying Syria's chemical weapons a... http://t.co/YziMAEXBPu
SYRIA CRISIS Differences remain despite US, Russia agreement: - Top Republicans slam US… http://t.co/PsSZ7TCHRx
I disapprove of the Social engineering that Tweedle Blair and Tweedle Bush attempted in Iraq. And that you propose in Syria. @Batty321456
RT @sahabatsuriah: Jumat 13 Sept, di #Idlib #Syria, rudal #Assad bunuh seorang ibu, 2 anak n bayi dlm kandungannya. @RevolutionSyria http:/…
http://t.co/Et56Llixb9 China welcomes Russia-U.S. accord on Syria chemical weapons
RT @saken4: #us #usa #ksa #sudia #oman #qatar #syria #ejabt #jordan #malysia #uae #good #h #z #a  #news #tv #house… http://t.co/DW4QyHV24Q
RT @RealDJkebo: #NoWarWithSyria #HandsOffSyria  #Syria #Rebels #SincerelyWeThePplUSA #Revolution  #WorldRevolution http://t.co/47vpfN1Gow
China's Foreign Minister Wang Yi welcomes deal between US, Russia, says the deal would 'enable tensions in  http://t.co/u4vGzob7pI
RT @sahabatsuriah: Lebih dari 500 ribu warga #Syria terjebak di pinggiran #Damascus, ditembaki, dibom tiap hari.. http://t.co/cF4n3AcFSk
#News: China Welcomes US-Russia Deal on Syria: China welcomes US-Russia deal on destroying Syria's chemica... http://t.co/BFeSQHclGQ #TU
@JohnKerry who will punish Assad for the killing of women of children who were gased last month & whom @BarackObama nearly cried for #Syria
RT @GeneMcVay: Pls RT: Female Veteran Violently Arrested By Feds At Syria Protest Is this AMERICA??? http://t.co/V6TXJJaqrV
Military Analyst: 'All Putin Has to Do Is Look Nasty' to Influence Syria

http://t.co/YPbAWf7Qcd
#politics Kerry off to Israel after Syria arms deal: GENEVA (AP) — U.S, Secretary of State John Kerry is headi... http://t.co/2gDaCwUphd
Ramadi protesters condemn Ashraf massacre http://t.co/dim6YEglxy #news #iranelection #Euronews #ABC #IranNews #FOX #Syria #AP #BBC #world
China Welcomes US-Russia Deal on Syria: China welcomes US-Russia deal on destroying Syria's chemical weapons a... http://t.co/YziMAEXBPu
SYRIA CRISIS Differences remain despite US, Russia agreement: - Top Republicans slam US… http://t.co/PsSZ7TCHRx
I disapprove of the Social engineering that Tweedle Blair and Tweedle Bush attempted in Iraq. And that you propose in Syria. @Batty321456
RT @sahabatsuriah: Jumat 13 Sept, di #Idlib #Syria, rudal #Assad bunuh seorang ibu, 2 anak n bayi dlm kandungannya. @RevolutionSyria http:/…
http://t.co/Et56Llixb9 China welcomes Russia-U.S. accord on Syria chemical weapons
RT @saken4: #us #usa #ksa #sudia #oman #qatar #syria #ejabt #jordan #malysia #uae #good #h #z #a  #news #tv #house… http://t.co/DW4QyHV24Q
RT @RealDJkebo: #NoWarWithSyria #HandsOffSyria  #Syria #Rebels #SincerelyWeThePplUSA #Revolution  #WorldRevolution http://t.co/47vpfN1Gow
China's Foreign Minister Wang Yi welcomes deal between US, Russia, says the deal would 'enable tensions in  http://t.co/u4vGzob7pI
RT @sahabatsuriah: Lebih dari 500 ribu warga #Syria terjebak di pinggiran #Damascus, ditembaki, dibom tiap hari.. http://t.co/cF4n3AcFSk
#News: China Welcomes US-Russia Deal on Syria: China welcomes US-Russia deal on destroying Syria's chemica... http://t.co/BFeSQHclGQ #TU
@JohnKerry who will punish Assad for the killing of women of children who were gased last month & whom @BarackObama nearly cried for #Syria
RT @GeneMcVay: Pls RT: Female Veteran Violently Arrested By Feds At Syria Protest Is this AMERICA??? http://t.co/V6TXJJaqrV
Military Analyst: 'All Putin Has to Do Is Look Nasty' to Influence Syria

http://t.co/YPbAWf7Qcd
#politics Kerry off to Israel after Syria arms deal: GENEVA (AP) — U.S, Secretary of State John Kerry is headi... http://t.co/2gDaCwUphd
Ramadi protesters condemn Ashraf massacre http://t.co/dim6YEglxy #news #iranelection #Euronews #ABC #IranNews #FOX #Syria #AP #BBC #world
China Welcomes US-Russia Deal on Syria: China welcomes US-Russia deal on destroying Syria's chemical weapons a... http://t.co/YziMAEXBPu
SYRIA CRISIS Differences remain despite US, Russia agreement: - Top Republicans slam US… http://t.co/PsSZ7TCHRx
I disapprove of the Social engineering that Tweedle Blair and Tweedle Bush attempted in Iraq. And that you propose in Syria. @Batty321456
RT @sahabatsuriah: Jumat 13 Sept, di #Idlib #Syria, rudal #Assad bunuh seorang ibu, 2 anak n bayi dlm kandungannya. @RevolutionSyria http:/…
http://t.co/Et56Llixb9 China welcomes Russia-U.S. accord on Syria chemical weapons
RT @saken4: #us #usa #ksa #sudia #oman #qatar #syria #ejabt #jordan #malysia #uae #good #h #z #a  #news #tv #house… http://t.co/DW4QyHV24Q
RT @RealDJkebo: #NoWarWithSyria #HandsOffSyria  #Syria #Rebels #SincerelyWeThePplUSA #Revolution  #WorldRevolution http://t.co/47vpfN1Gow
China's Foreign Minister Wang Yi welcomes deal between US, Russia, says the deal would 'enable tensions in  http://t.co/u4vGzob7pI
RT @sahabatsuriah: Lebih dari 500 ribu warga #Syria terjebak di pinggiran #Damascus, ditembaki, dibom tiap hari.. http://t.co/cF4n3AcFSk
#News: China Welcomes US-Russia Deal on Syria: China welcomes US-Russia deal on destroying Syria's chemica... http://t.co/BFeSQHclGQ #TU
@JohnKerry who will punish Assad for the killing of women of children who were gased last month & whom @BarackObama nearly cried for #Syria
RT @GeneMcVay: Pls RT: Female Veteran Violently Arrested By Feds At Syria Protest Is this AMERICA??? http://t.co/V6TXJJaqrV
Military Analyst: 'All Putin Has to Do Is Look Nasty' to Influence Syria

http://t.co/YPbAWf7Qcd
#politics Kerry off to Israel after Syria arms deal: GENEVA (AP) — U.S, Secretary of State John Kerry is headi... http://t.co/2gDaCwUphd
Ramadi protesters condemn Ashraf massacre http://t.co/dim6YEglxy #news #iranelection #Euronews #ABC #IranNews #FOX #Syria #AP #BBC #world
China Welcomes US-Russia Deal on Syria: China welcomes US-Russia deal on destroying Syria's chemical weapons a... http://t.co/YziMAEXBPu
SYRIA CRISIS Differences remain despite US, Russia agreement: - Top Republicans slam US… http://t.co/PsSZ7TCHRx
I disapprove of the Social engineering that Tweedle Blair and Tweedle Bush attempted in Iraq. And that you propose in Syria. @Batty321456
RT @sahabatsuriah: Jumat 13 Sept, di #Idlib #Syria, rudal #Assad bunuh seorang ibu, 2 anak n bayi dlm kandungannya. @RevolutionSyria http:/…
http://t.co/Et56Llixb9 China welcomes Russia-U.S. accord on Syria chemical weapons
RT @saken4: #us #usa #ksa #sudia #oman #qatar #syria #ejabt #jordan #malysia #uae #good #h #z #a  #news #tv #house… http://t.co/DW4QyHV24Q
RT @RealDJkebo: #NoWarWithSyria #HandsOffSyria  #Syria #Rebels #SincerelyWeThePplUSA #Revolution  #WorldRevolution http://t.co/47vpfN1Gow
China's Foreign Minister Wang Yi welcomes deal between US, Russia, says the deal would 'enable tensions in  http://t.co/u4vGzob7pI
RT @sahabatsuriah: Lebih dari 500 ribu warga #Syria terjebak di pinggiran #Damascus, ditembaki, dibom tiap hari.. http://t.co/cF4n3AcFSk
#News: China Welcomes US-Russia Deal on Syria: China welcomes US-Russia deal on destroying Syria's chemica... http://t.co/BFeSQHclGQ #TU
@JohnKerry who will punish Assad for the killing of women of children who were gased last month & whom @BarackObama nearly cried for #Syria
RT @GeneMcVay: Pls RT: Female Veteran Violently Arrested By Feds At Syria Protest Is this AMERICA??? http://t.co/V6TXJJaqrV
Military Analyst: 'All Putin Has to Do Is Look Nasty' to Influence Syria

http://t.co/YPbAWf7Qcd
#politics Kerry off to Israel after Syria arms deal: GENEVA (AP) — U.S, Secretary of State John Kerry is headi... http://t.co/2gDaCwUphd
Ramadi protesters condemn Ashraf massacre http://t.co/dim6YEglxy #news #iranelection #Euronews #ABC #IranNews #FOX #Syria #AP #BBC #world
China Welcomes US-Russia Deal on Syria: China welcomes US-Russia deal on destroying Syria's chemical weapons a... http://t.co/YziMAEXBPu
SYRIA CRISIS Differences remain despite US, Russia agreement: - Top Republicans slam US… http://t.co/PsSZ7TCHRx
I disapprove of the Social engineering that Tweedle Blair and Tweedle Bush attempted in Iraq. And that you propose in Syria. @Batty321456
RT @sahabatsuriah: Jumat 13 Sept, di #Idlib #Syria, rudal #Assad bunuh seorang ibu, 2 anak n bayi dlm kandungannya. @RevolutionSyria http:/…
http://t.co/Et56Llixb9 China welcomes Russia-U.S. accord on Syria chemical weapons
RT @saken4: #us #usa #ksa #sudia #oman #qatar #syria #ejabt #jordan #malysia #uae #good #h #z #a  #news #tv #house… http://t.co/DW4QyHV24Q
RT @RealDJkebo: #NoWarWithSyria #HandsOffSyria  #Syria #Rebels #SincerelyWeThePplUSA #Revolution  #WorldRevolution http://t.co/47vpfN1Gow
China's Foreign Minister Wang Yi welcomes deal between US, Russia, says the deal would 'enable tensions in  http://t.co/u4vGzob7pI
RT @sahabatsuriah: Lebih dari 500 ribu warga #Syria terjebak di pinggiran #Damascus, ditembaki, dibom tiap hari.. http://t.co/cF4n3AcFSk
#News: China Welcomes US-Russia Deal on Syria: China welcomes US-Russia deal on destroying Syria's chemica... http://t.co/BFeSQHclGQ #TU
@JohnKerry who will punish Assad for the killing of women of children who were gased last month & whom @BarackObama nearly cried for #Syria
RT @GeneMcVay: Pls RT: Female Veteran Violently Arrested By Feds At Syria Protest Is this AMERICA??? http://t.co/V6TXJJaqrV
Military Analyst: 'All Putin Has to Do Is Look Nasty' to Influence Syria

http://t.co/YPbAWf7Qcd
#politics Kerry off to Israel after Syria arms deal: GENEVA (AP) — U.S, Secretary of State John Kerry is headi... http://t.co/2gDaCwUphd
Ramadi protesters condemn Ashraf massacre http://t.co/dim6YEglxy #news #iranelection #Euronews #ABC #IranNews #FOX #Syria #AP #BBC #world
China Welcomes US-Russia Deal on Syria: China welcomes US-Russia deal on destroying Syria's chemical weapons a... http://t.co/YziMAEXBPu
SYRIA CRISIS Differences remain despite US, Russia agreement: - Top Republicans slam US… http://t.co/PsSZ7TCHRx
I disapprove of the Social engineering that Tweedle Blair and Tweedle Bush attempted in Iraq. And that you propose in Syria. @Batty321456
RT @sahabatsuriah: Jumat 13 Sept, di #Idlib #Syria, rudal #Assad bunuh seorang ibu, 2 anak n bayi dlm kandungannya. @RevolutionSyria http:/…
http://t.co/Et56Llixb9 China welcomes Russia-U.S. accord on Syria chemical weapons
@acmnoor @AleppoSon @alibaba20221 ?????? ??? ???? ???????
RT @saken4: #us #usa #ksa #sudia #oman #qatar #syria #ejabt #jordan #malysia #uae #good #h #z #a  #news #tv #house… http://t.co/DW4QyHV24Q
RT @RealDJkebo: #NoWarWithSyria #HandsOffSyria  #Syria #Rebels #SincerelyWeThePplUSA #Revolution  #WorldRevolution http://t.co/47vpfN1Gow
China's Foreign Minister Wang Yi welcomes deal between US, Russia, says the deal would 'enable tensions in  http://t.co/u4vGzob7pI
RT @sahabatsuriah: Lebih dari 500 ribu warga #Syria terjebak di pinggiran #Damascus, ditembaki, dibom tiap hari.. http://t.co/cF4n3AcFSk
#News: China Welcomes US-Russia Deal on Syria: China welcomes US-Russia deal on destroying Syria's chemica... http://t.co/BFeSQHclGQ #TU
@JohnKerry who will punish Assad for the killing of women of children who were gased last month & whom @BarackObama nearly cried for #Syria
RT @GeneMcVay: Pls RT: Female Veteran Violently Arrested By Feds At Syria Protest Is this AMERICA??? http://t.co/V6TXJJaqrV
Military Analyst: 'All Putin Has to Do Is Look Nasty' to Influence Syria

http://t.co/YPbAWf7Qcd
#politics Kerry off to Israel after Syria arms deal: GENEVA (AP) — U.S, Secretary of State John Kerry is headi... http://t.co/2gDaCwUphd
Ramadi protesters condemn Ashraf massacre http://t.co/dim6YEglxy #news #iranelection #Euronews #ABC #IranNews #FOX #Syria #AP #BBC #world
China Welcomes US-Russia Deal on Syria: China welcomes US-Russia deal on destroying Syria's chemical weapons a... http://t.co/YziMAEXBPu
SYRIA CRISIS Differences remain despite US, Russia agreement: - Top Republicans slam US… http://t.co/PsSZ7TCHRx
I disapprove of the Social engineering that Tweedle Blair and Tweedle Bush attempted in Iraq. And that you propose in Syria. @Batty321456
RT @sahabatsuriah: Jumat 13 Sept, di #Idlib #Syria, rudal #Assad bunuh seorang ibu, 2 anak n bayi dlm kandungannya. @RevolutionSyria http:/…
